{"Val MAE": 17459.5449704142, "Val MSE": 939416630.7437245, "Val RMSE": 30649.90425341855, "Val R2": 0.5501151835887212, "_timestamp": 1719404338.0837493, "_runtime": 2.7657482624053955, "_step": 0, "_wandb": {"runtime": 0}}