{"Val MAE": 15360.355331598956, "Val MSE": 783516564.3669124, "Val RMSE": 27991.3658896259, "Val R2": 0.6041787857730492, "_timestamp": 1719343722.6379566, "_runtime": 2.239600658416748, "_step": 0, "_wandb": {"runtime": 2}}