{"Val MAE": 17459.5449704142, "Val MSE": 939416630.7437245, "Val RMSE": 30649.90425341855, "Val R2": 0.5501151835887212, "_timestamp": 1717246385.1682072, "_runtime": 1.852187156677246, "_step": 0, "_wandb": {"runtime": 1}}