{"Val MAE": 17459.5449704142, "Val MSE": 939416630.7437245, "Val RMSE": 30649.90425341855, "Val R2": 0.5501151835887212, "_timestamp": 1719405297.7811027, "_runtime": 19.263723611831665, "_step": 0, "_wandb": {"runtime": 18}}