{"Val MAE": 9169.8288671875, "Val MSE": 137082256.27393594, "Val RMSE": 11708.213197321611, "Val R2": 0.8875404712514358, "_timestamp": 1719406081.68484, "_runtime": 1.8653860092163086, "_step": 0, "_wandb": {"runtime": 0}}