{"MAE": 11632.64486837607, "MSE": 344796990.9151454, "RMSE": 18568.7099959891, "R2": 0.8348773846656133, "_timestamp": 1716097996.109853, "_runtime": 11.90221905708313, "_step": 1, "Validation MAE": 9346.194898945838, "Validation MSE": 190951471.00395828, "Validation RMSE": 13818.519132090756, "Validation R2": 0.8452335426620508, "_wandb": {"runtime": 9}}