{"Val MAE": 17459.5449704142, "Val MSE": 939416630.7437245, "Val RMSE": 30649.90425341855, "Val R2": 0.5501151835887212, "_timestamp": 1719265031.01654, "_runtime": 2.1173810958862305, "_step": 0, "_wandb": {"runtime": 2}}