{"Val MAE": 17459.5449704142, "Val MSE": 939416630.7437245, "Val RMSE": 30649.90425341855, "Val R2": 0.5501151835887212, "_timestamp": 1719264715.0168238, "_runtime": 2.1534366607666016, "_step": 0, "_wandb": {"runtime": 2}}