{"Val MAE": 9668.141810293417, "Val MSE": 195513727.76690292, "Val RMSE": 13982.62234943442, "Val R2": 0.8415358266248048, "_timestamp": 1719404468.730173, "_runtime": 1.8482739925384521, "_step": 0, "_wandb": {"runtime": 0}}