{"Val MAE": 17459.5449704142, "Val MSE": 939416630.7437245, "Val RMSE": 30649.90425341855, "Val R2": 0.5501151835887212, "_timestamp": 1717190072.5872092, "_runtime": 17.723440170288086, "_step": 0, "_wandb": {"runtime": 16}}