{"Val MAE": 15756.31244781727, "Val MSE": 417890288.07523316, "Val RMSE": 20442.36503135665, "Val R2": 0.6612992866653631, "_timestamp": 1719406312.298046, "_runtime": 1.8969411849975586, "_step": 0, "_wandb": {"runtime": 0}}