{"Val MAE": 9169.8288671875, "Val MSE": 137082256.27393594, "Val RMSE": 11708.213197321611, "Val R2": 0.8875404712514358, "_timestamp": 1719676729.7179134, "_runtime": 1.886035442352295, "_step": 0, "_wandb": {"runtime": 0}}