{"Val MAE": 9169.8288671875, "Val MSE": 137082256.27393594, "Val RMSE": 11708.213197321611, "Val R2": 0.8875404712514358, "_timestamp": 1719405556.970539, "_runtime": 2.1701040267944336, "_step": 0, "_wandb": {"runtime": 0}}