{"Val MAE": 15360.355331598956, "Val MSE": 783516564.3669124, "Val RMSE": 27991.3658896259, "Val R2": 0.6041787857730492, "_timestamp": 1719405015.0575204, "_runtime": 2.107684373855591, "_step": 0, "_wandb": {"runtime": 1}}