{
  "val_mae": 17459.5449704142,
  "val_mse": 939416630.7437245,
  "val_rmse": 30649.90425341855,
  "val_r2": 0.5501151835887212
}