{
  "model": "automl",
  "val_mae": 9169.8288671875,
  "val_mse": 137082256.27393594,
  "val_rmse": 11708.213197321611,
  "val_r2": 0.8875404712514358
}