{"Val MAE": 9169.8288671875, "Val MSE": 137082256.27393594, "Val RMSE": 11708.213197321611, "Val R2": 0.8875404712514358, "_timestamp": 1719406791.5606754, "_runtime": 1.8907444477081299, "_step": 0, "_wandb": {"runtime": 0}}