{"Test MAE": 6601.560453783658, "Test MSE": 131817048.26570989, "Test RMSE": 11481.160580085529, "Test R2": 0.9211152315818837, "_timestamp": 1716233045.5536544, "_runtime": 1.1065385341644287, "_step": 0, "_wandb": {"runtime": 1}}