{"Test MAE": 11632.64486837607, "Test MSE": 344796990.9151454, "Test RMSE": 18568.7099959891, "Test R2": 0.8348773846656133, "Validation MAE": 9346.194898945838, "Validation MSE": 190951471.00395828, "Validation RMSE": 13818.519132090756, "Validation R2": 0.8452335426620508, "_timestamp": 1716102590.5875258, "_runtime": 10.894989728927612, "_step": 0, "_wandb": {"runtime": 8}}