{"Test MAE": 10485.039711305724, "Test MSE": 267579507.7413312, "Test RMSE": 16357.857675787842, "Test R2": 0.8398693660697046, "_timestamp": 1716232923.5381389, "_runtime": 1.1985177993774414, "_step": 0, "_wandb": {"runtime": 17}}